2.99	0.0636	Cave District o
2.99	0.0653	) | 7:54 AM
2.99	0.1160	FLOOR
2.99	0.2727	120%
2.99	0.4703	Hard
2.99	0.5464	Kurast Undercity Y
2.99	0.9184	District Run f
4.01	0.0631	Cave District © | 7:54 AM
4.01	0.1168	FLOOR
4.01	0.1546	1/3
4.01	0.2727	150
4.01	0.4703	Hard
4.01	0.5438	Kurast Undercity
4.01	0.5911	IV
4.01	0.6856	Reward Upgrades (0/4)
4.01	0.7440	Attunement: Ignite Beacons, Slay
4.01	0.7808	Monsters
4.01	0.8247	Time Bonus: Slay Afflicted Monsters
4.01	0.8668	Reach District Boss before time expires
4.01	0.9192	District Run
5.05	0.0644	Cave District • | 7:54 AM
5.05	0.1168	FLOOR
5.05	0.1546	1/3
5.05	0.2727	150
5.05	0.4694	Hard
5.05	0.5438	Kurast Undercity
5.05	0.5919	IV
5.05	0.6856	Reward Upgrades (0/4) •
5.05	0.7448	Attunement: Ignite Beacons, Slay
5.05	0.7819	Monsters
5.05	0.8256	Time Bonus: Slay Afflicted Monsters
5.05	0.8676	Reach District Boss before time expires •
5.05	0.9192	District Run
6.12	0.0631	Cave District © | 7:54 AN
6.12	0.1168	FLOOR
6.12	0.1546	1/3
6.12	0.2727	150
6.12	0.4694	Hard
6.12	0.5438	Kurast Undercity
6.12	0.5919	IV
6.12	0.6856	Reward Upgrades (0/4) •
6.12	0.7434	& Attunement: Ignite Beacons, Slay
6.12	0.7819	Monsters
6.12	0.8265	Time Bonus: Slay Afflicted Monsters
6.12	0.8667	Reach District Boss before time expires •
6.12	0.9192	District Run
7.16	0.0636	Cave District © | 7:54 AM
7.16	0.1168	FLOOR
7.16	0.1546	1/3
7.16	0.2727	150
7.16	0.4694	Hard
7.16	0.5438	Kurast Undercity
7.16	0.5911	IV
7.16	0.6856	Reward Upgrades (0/4) •
7.16	0.7402	& Attunement: Ignite Beacons, Slay
7.16	0.7819	Monsters
7.16	0.8250	- Time Bonus: Slay Afflicted Monsters
7.16	0.8667	Reach District Boss before time expires •
7.16	0.9192	District Run
8.20	0.0644	Cave District • |7:54 AN
8.20	0.1160	FLOOR
8.20	0.1546	1/3
8.20	0.2728	150
8.20	0.4703	Hard
8.20	0.5438	Kurast Undercity
8.20	0.5911	III IV
8.20	0.6856	Reward Upgrades (0/4) •
8.20	0.7412	& Attunement: Ignite Beacons, Slay
8.20	0.7819	Monsters
8.20	0.8237	Time Bonus: Slay Afflicted Monsters •
8.20	0.8660	Reach District Boss before time expires •
8.20	0.9192	District Run
9.27	0.0639	Cave District • | 7:54 AN
9.27	0.1160	FLOOR
9.27	0.1538	1/3
9.27	0.2728	150
9.27	0.4703	Hard
9.27	0.5438	Kurast Undercity
9.27	0.5911	NIV
9.27	0.5919	HI
9.27	0.6856	Reward Upgrades (0/4) •
9.27	0.7448	Attunement: Ignite Beacons, Slay
9.27	0.7807	Monsters
9.27	0.8263	Time Bonus: Slay Afflicted Monsters
9.27	0.8667	Reach District Boss before time expires •
9.27	0.9192	District Run
10.37	0.0640	Cave District © | 7:54 AN
10.37	0.1168	FLOOR
10.37	0.1546	1/3
10.37	0.2732	149
10.37	0.4694	Hard
10.37	0.5438	Kurast Undercity
10.37	0.5911	IV
10.37	0.6856	Reward Upgrades (0/4) •
10.37	0.7440	Attunement: Ignite Beacons, Slay
10.37	0.7819	Monsters
10.37	0.8263	Time Bonus: Slay Afflicted Monsters
10.37	0.8667	Reach District Boss before time expires •
10.37	0.9192	District Run
11.44	0.0644	Cave District • | 7:54 AN
11.44	0.1168	FLOOR
11.44	0.1546	1/3
11.44	0.2732	148
11.44	0.4691	Hard
11.44	0.5438	Kurast Undercity
11.44	0.5911	IV
11.44	0.6856	Reward Upgrades (0/4) •
11.44	0.7440	Attunement: Ignite Beacons, Slay
11.44	0.7819	Monsters
11.44	0.8256	Time Bonus: Slay Afflicted Monsters
11.44	0.8668	Reach District Boss before time expires •
11.44	0.9192	District Run
12.50	0.0644	Cave District • | 7:54 AN
12.50	0.1168	FLOOR
12.50	0.1546	1/3
12.50	0.2732	147
12.50	0.4691	Hard
12.50	0.5438	Kurast Undercity
12.50	0.5919	IV
12.50	0.6856	Reward Upgrades (0/4) •
12.50	0.7440	Attunement: Ignite Beacons, Slay
12.50	0.7819	Monsters
12.50	0.8246	Time Bonus: Slay Afflicted Monsters •
12.50	0.8667	Reach District Boss before time expires •
12.50	0.9192	District Run
13.56	0.0644	Cave District • | 7:54 AN
13.56	0.1168	FLOOR
13.56	0.1546	1/3
13.56	0.2732	146
13.56	0.4691	Hard
13.56	0.5438	Kurast Undercity
13.56	0.5919	IV
13.56	0.6856	Reward Upgrades (0/4) •
13.56	0.7440	Attunement: Ignite Beacons, Slay
13.56	0.7819	Monsters
13.56	0.8246	Time Bonus: Slay Afflicted Monsters •
13.56	0.8667	Reach District Boss before time expires •
13.56	0.9192	District Run
14.62	0.0644	Cave District • | 7:54 AN
14.62	0.1168	FLOOR
14.62	0.1546	1/3
14.62	0.2732	144
14.62	0.4691	Hard
14.62	0.5438	Kurast Undercity
14.62	0.5919	IV
14.62	0.6856	Reward Upgrades (0/4) •
14.62	0.7448	Attunement: Ignite Beacons, Slay
14.62	0.7819	Monsters
14.62	0.8241	Time Bonus: Slay Afflicted Monsters •
14.62	0.8667	Reach District Boss before time expires •
14.62	0.9192	District Run
15.66	0.0640	Cave District • | 7:54 AN
15.66	0.1168	FLOOR
15.66	0.1546	173
15.66	0.2732	143
15.66	0.4699	Hard
15.66	0.5438	Kurast Undercity
15.66	0.5919	IV
15.66	0.6856	Reward Upgrades (0/4) •
15.66	0.7440	Attunement: Ignite Beacons, Slay
15.66	0.7819	Monsters
15.66	0.8232	Time Bonus: Slay Afflicted Monsters •
15.66	0.8667	Reach District Boss before time expires •
15.66	0.9192	District Run
16.79	0.0640	Cave District • | 7:54 AN
16.79	0.1168	FLOOR
16.79	0.1546	1/3
16.79	0.2732	142
16.79	0.4703	Hard
16.79	0.5438	Kurast Undercity
16.79	0.5911	IV
16.79	0.6856	Reward Upgrades (0/4) •
16.79	0.7448	Attunement: Ignite Beacons, Slay
16.79	0.7819	Monsters
16.79	0.8263	Time Bonus: Slay Afflicted Monsters
16.79	0.8649	Reach District Boss before time expires
16.79	0.9192	District Run
17.95	0.0640	Cave District • | 7:55 AN
17.95	0.1160	FLOOR
17.95	0.1546	1/3
17.95	0.2732	141
17.95	0.4694	Hard
17.95	0.5438	Kurast Undercity
17.95	0.5911	III IV
17.95	0.6856	Reward Upgrades (0/4) •
17.95	0.7426	& Attunement: Ignite Beacons, Slay
17.95	0.7809	Monsters
17.95	0.8209	• Time Bonus: Slay Afflicted Monsters
17.95	0.8652	Reach District Boss before time expires
17.95	0.9192	District Run
19.06	0.0639	Cave District • | 7:55 AN
19.06	0.1160	FLOOR
19.06	0.1546	1/3
19.06	0.2732	140
19.06	0.4703	Hard
19.06	0.5438	Kurast Undercity
19.06	0.5911	IV
19.06	0.6856	Reward Upgrades (0/4) •
19.06	0.7426	& Attunement: Ignite Beacons, Slay
19.06	0.7819	Monsters
19.06	0.8247	Time Bonus: Slay Afflicted Monsters
19.06	0.8667	Reach District Boss before time expires •
19.06	0.9192	District Run
20.15	0.0636	Cave District © | 7:55 AM
20.15	0.1160	FLOOR
20.15	0.1546	1/3
20.15	0.2732	139
20.15	0.4703	Hard
20.15	0.5438	Kurast Undercity
20.15	0.5928	IV
20.15	0.6856	Reward Upgrades (0/4) •
20.15	0.7448	Attunement: Ignite Beacons, Slay
20.15	0.7819	Monsters
20.15	0.8256	Time Bonus: Slay Afflicted Monsters
20.15	0.8668	Reach District Boss before time expires •
20.15	0.9192	District Run
21.22	0.0639	Cave District • | 7:55 AN
21.22	0.1168	FLOOR
21.22	0.1546	1/3
21.22	0.2732	138
21.22	0.4703	Hard
21.22	0.5438	Kurast Undercity
21.22	0.5919	IV
21.22	0.6856	Reward Upgrades (0/4) •
21.22	0.7440	Attunement: Ignite Beacons, Slay
21.22	0.7809	Monsters
21.22	0.8256	Time Bonus: Slay Afflicted Monsters
21.22	0.8667	Reach District Boss before time expires •
21.22	0.9192	District Run
22.35	0.0640	Cave District © | 7:55 AN
22.35	0.1160	FLOOR
22.35	0.1538	1/3
22.35	0.2732	137
22.35	0.4703	Hard
22.35	0.5438	Kurast Undercity
22.35	0.5911	IV
22.35	0.6856	Reward Upgrades (0/4) •
22.35	0.7419	& Attunement: Ignite Beacons, Slay
22.35	0.7809	Monsters
22.35	0.8209	• Time Bonus: Slay Afflicted Monsters
22.35	0.8667	Reach District Boss before time expires •
22.35	0.9192	District Run
23.37	0.0640	Cave District © | 7:55 AN
23.37	0.1160	FLOOR
23.37	0.1538	1/3
23.37	0.2732	136
23.37	0.4703	Hard
23.37	0.5438	Kurast Undercity
23.37	0.5919	IV
23.37	0.6856	Reward Upgrades (0/4) •
23.37	0.7426	& Attunement: Ignite Beacons, Slay
23.37	0.7819	Monsters
23.37	0.8209	• Time Bonus: Slay Afflicted Monsters
23.37	0.8667	Reach District Boss before time expires •
23.37	0.9192	District Run
24.50	0.0640	Cave District © | 7:55 AN
24.50	0.1160	FLOOR
24.50	0.1538	1/3
24.50	0.2736	135
24.50	0.4703	Hard
24.50	0.5438	Kurast Undercity
24.50	0.5911	IV
24.50	0.6856	Reward Upgrades (0/4) •
24.50	0.7419	& Attunement: Ignite Beacons, Slay
24.50	0.7809	Monsters
24.50	0.8263	Time Bonus: Slay Afflicted Monsters
24.50	0.8667	Reach District Boss before time expires •
24.50	0.9192	District Run
25.60	0.0640	Cave District © | 7:55 AN
25.60	0.1164	FLOOR
25.60	0.1546	1/3
25.60	0.2122	Cu tivator
25.60	0.2732	133
25.60	0.4703	Hard
25.60	0.5438	Kurast Undercity
25.60	0.5919	IV
25.60	0.6856	Reward Upgrades (0/4) •
25.60	0.7426	& Attunement: Ignite Beacons, Slay
25.60	0.7819	Monsters
25.60	0.8247	Time Bonus: Slay Afflicted Monsters
25.60	0.8667	Reach District Boss before time expires •
25.60	0.9192	District Run
26.70	0.0640	Cave District © | 7:55 AN
26.70	0.1160	FLOOR
26.70	0.1546	1/3
26.70	0.2732	132
26.70	0.4703	Hard
26.70	0.5438	Kurast Undercity
26.70	0.5919	IV
26.70	0.6856	Reward Upgrades (0/4) •
26.70	0.7419	& Attunement: Ignite Beacons, Slay
26.70	0.7819	Monsters
26.70	0.8247	Time Bonus: Slay Afflicted Monsters
26.70	0.8667	Reach District Boss before time expires •
26.70	0.9192	District Run
27.79	0.0640	Cave District • | 7:55 AN
27.79	0.1160	FLOOR
27.79	0.1546	1/3
27.79	0.2732	131
27.79	0.4703	Hard
27.79	0.5438	Kurast Undercity
27.79	0.5919	IV
27.79	0.6856	Reward Upgrades (0/4) •
27.79	0.7419	& Attunement: Ignite Beacons, Slay
27.79	0.7819	Monsters
27.79	0.8263	- Time Bonus: Slay Afflicted Monsters
27.79	0.8667	Reach District Boss before time expires •
27.79	0.9192	District Run
28.92	0.0640	Cave District • | 7:55 AN
28.92	0.1168	FLOOR
28.92	0.1546	1/3
28.92	0.2732	130
28.92	0.4703	Hard
28.92	0.5438	Kurast Undercity
28.92	0.5919	IV
28.92	0.6856	Reward Upgrades (0/4)
28.92	0.7425	& Attunement: Ignite Beacons, Slay
28.92	0.7819	Monsters
28.92	0.8263	Time Bonus: Slay Afflicted Monsters
28.92	0.8667	Reach District Boss before time expires •
28.92	0.9192	District Run
30.04	0.0640	Cave District © | 7:55 AN
30.04	0.1160	FLOOR
30.04	0.1546	1/3
30.04	0.2732	129
30.04	0.4703	Hard
30.04	0.5438	Kurast Undercity
30.04	0.5919	IV
30.04	0.6856	Reward Upgrades (0/4)
30.04	0.7400	& Attunement: Ignite Beacons, Slay
30.04	0.7809	Monsters
30.04	0.8263	Time Bonus: Slay Afflicted Monsters
30.04	0.8667	Reach District Boss before time expires •
30.04	0.9192	District Run
31.14	0.0640	Cave District • | 7:55 AN
31.14	0.1168	FLOOR
31.14	0.1546	1/3
31.14	0.2741	128
31.14	0.4703	Hard
31.14	0.5438	Kurast Undercity
31.14	0.5919	IV
31.14	0.6856	Reward Upgrades (0/4) •
31.14	0.7418	& Attunement: Ignite Beacons, Slay
31.14	0.7819	Monsters
31.14	0.8247	Time Bonus: Slay Afflicted Monsters
31.14	0.8668	Reach District Boss before time expires •
31.14	0.9180	District Run fa
32.26	0.0640	Cave District © | 7:55 AN
32.26	0.1160	FLOOR
32.26	0.1546	1/3
32.26	0.2732	127
32.26	0.4703	Hard
32.26	0.5438	Kurast Undercity
32.26	0.5911	IV
32.26	0.6856	Reward Upgrades (0/4) •
32.26	0.7440	Attunement: Ignite Beacons, Slay
32.26	0.7809	Monsters
32.26	0.8237	Time Bonus: Slay Afflicted Monsters •
32.26	0.8668	Reach District Boss before time expires •
32.26	0.9192	District Run
33.34	0.0639	Cave District • | 7:55 AN
33.34	0.1164	FLOOR
33.34	0.1538	1/3
33.34	0.2732	126
33.34	0.4703	Hard
33.34	0.5438	Kurast Undercity
33.34	0.5911	• IV
33.34	0.6856	Reward Upgrades (0/4) •
33.34	0.7426	& Attunement: Ignite Beacons, Slay
33.34	0.7819	Monsters
33.34	0.8247	Time Bonus: Slay Afflicted Monsters
33.34	0.8675	Reach District Boss before time expires •
33.34	0.9192	District Run
34.43	0.0640	Cave District © | 7:55 AN
34.43	0.1160	FLOOR
34.43	0.1538	1/3
34.43	0.2732	125
34.43	0.4703	Hard
34.43	0.5438	Kurast Undercity
34.43	0.5919	IV
34.43	0.6856	Reward Upgrades (0/4) •
34.43	0.7441	& Attunement: Ignite Beacons, Slay
34.43	0.7819	Monsters
34.43	0.8242	- Time Bonus: Slay Afflicted Monsters
34.43	0.8676	Reach District Boss before time expires •
34.43	0.9192	District Run
35.51	0.0640	Cave District © | 7:55 AN
35.51	0.1168	FLOOR
35.51	0.1538	1/3
35.51	0.2732	124
35.51	0.4703	Hard
35.51	0.5438	Kurast Undercity
35.51	0.5911	IV
35.51	0.6856	Reward Upgrades (0/4) •
35.51	0.7441	& Attunement: Ignite Beacons, Slay
35.51	0.7819	Monsters
35.51	0.8242	- Time Bonus: Slay Afflicted Monsters
35.51	0.8667	Reach District Boss before time expires •
35.51	0.9192	District Run
36.56	0.0640	Cave District © | 7:55 AN
36.56	0.1168	FLOOR
36.56	0.1546	1/3
36.56	0.2732	123
36.56	0.4703	Hard
36.56	0.5438	Kurast Undercity
36.56	0.5919	IV
36.56	0.6856	Reward Upgrades (0/4) •
36.56	0.7448	• Attunement: Ignite Beacons, Slay
36.56	0.7819	Monsters
36.56	0.8242	- Time Bonus: Slay Afflicted Monsters
36.56	0.8676	Reach District Boss before time expires •
36.56	0.9192	District Run
37.65	0.0640	Cave District • | 7:55 AN
37.65	0.1168	FLOOR
37.65	0.1546	1/3
37.65	0.2732	121
37.65	0.4694	Hard
37.65	0.5438	Kurast Undercity
37.65	0.5911	IV
37.65	0.6856	Reward Upgrades (0/4) •
37.65	0.7410	& Attunement: Ignite Beacons, Slay
37.65	0.7819	Monsters
37.65	0.8239	Time Bonus: Slay Afflicted Monsters
37.65	0.8667	Reach District Boss before time expires •
37.65	0.9192	District Run
38.67	0.0640	Cave District © | 7:55 AN
38.67	0.1161	FLOOR
38.67	0.1546	1/3
38.67	0.2741	120
38.67	0.4703	Hard
38.67	0.5430	Kurast Undercity
38.67	0.5911	- IV
38.67	0.6856	Reward Upgrades (0/4)
38.67	0.7410	& Attunement: Ignite Beacons, Slay
38.67	0.7819	Monsters
38.67	0.8242	Z Time Bonus: Slay Afflicted Monsters
38.67	0.8660	Reach District Boss before time expires
38.67	0.9180	District Run f
39.75	0.0640	Cave District • | 7:55 AN
39.75	0.1151	FLOOR
39.75	0.1538	1/3
39.75	0.2732	119
39.75	0.4703	Hard
39.75	0.5430	Kurast Undercity
39.75	0.6856	Reward Upgrades (0/4)
39.75	0.7410	& Attunement: Ignite Beacons, Slay
39.75	0.7819	Monsters
39.75	0.8250	- Time Bonus: Slay Afflicted Monsters
39.75	0.8647	Reach District Boss before time expires
39.75	0.9192	District Run
40.86	0.0639	Cave District © | 7:55 AN
40.86	0.1151	FLOOR
40.86	0.1546	1/3
40.86	0.2732	118
40.86	0.4703	Hard
40.86	0.5438	Kurast Undercity
40.86	0.5911	III IV
40.86	0.6856	Reward Upgrades (0/4)
40.86	0.7410	& Attunement: Ignite Beacons, Slay
40.86	0.7823	Monsters
40.86	0.8250	- Time Bonus: Slay Afflicted Monsters
40.86	0.8655	Reach District Boss before time expires
40.86	0.9192	District Run
41.95	0.0639	Cave District © | 7:55 AN
41.95	0.1164	FLOOR
41.95	0.1538	1/3
41.95	0.2732	117
41.95	0.4699	Hard
41.95	0.5438	Kurast Undercity
41.95	0.5911	'IV
41.95	0.6856	Reward Upgrades (0/4)
41.95	0.7410	& Attunement: Ignite Beacons, Slay
41.95	0.7818	Monsters
41.95	0.8241	Z Time Bonus: Slay Afflicted Monsters
41.95	0.8650	Reach District Boss before time expires
41.95	0.9192	District Run
43.03	0.0640	Cave District © | 7:55 AN
43.03	0.1164	FLOOR
43.03	0.1546	1/3
43.03	0.2732	116
43.03	0.4699	Hard
43.03	0.5438	Kurast Undercity
43.03	0.5911	III IV
43.03	0.6856	Reward Upgrades (0/4)
43.03	0.7410	& Attunement: Ignite Beacons, Slay
43.03	0.7819	Monsters
43.03	0.8244	& Time Bonus: Slay Afflicted Monsters
43.03	0.8651	Reach District Boss before time expires
43.03	0.9192	District Run
44.09	0.0640	Cave District © | 7:55 AN
44.09	0.1160	FLOOR
44.09	0.1538	1/3
44.09	0.2732	115
44.09	0.4703	Hard
44.09	0.5438	Kurast Undercity
44.09	0.5925	III IV
44.09	0.6856	Reward Upgrades (0/4) •
44.09	0.7418	& Attunement: Ignite Beacons, Slay
44.09	0.7807	Monsters
44.09	0.8187	Time Bonus: Slay Afflicted Monsters
44.09	0.8686	Reach District Boss before time expires
44.09	0.9192	District Run
45.15	0.0636	Cave District © 7:55 AM
45.15	0.1160	FLOOR
45.15	0.1546	1/3
45.15	0.2732	114
45.15	0.4703	Hard
45.15	0.5438	Kurast Undercity
45.15	0.5911	IV
45.15	0.6856	Reward Upgrades (0/4) •
45.15	0.7440	Attunement: Ignite Beacons, Slay
45.15	0.7819	Monsters
45.15	0.8263	Time Bonus: Slay Afflicted Monsters
45.15	0.8662	Reach District Boss before time expires •
45.15	0.9192	District Run
46.32	0.0640	Cave District • | 7:55 AN
46.32	0.1168	FLOOR
46.32	0.1546	1/3
46.32	0.2741	113
46.32	0.4703	Hard
46.32	0.5438	Kurast Undercity
46.32	0.5919	IV
46.32	0.6856	Reward Upgrades (0/4) •
46.32	0.7426	& Attunement: Ignite Beacons, Slay
46.32	0.7819	Monsters
46.32	0.8263	Time Bonus: Slay Afflicted Monsters
46.32	0.8668	Reach District Boss before time expires
46.32	0.9192	District Run
47.42	0.0632	Cave District © | 7:55 AN
47.42	0.1160	FLOOR
47.42	0.1546	1/3
47.42	0.2732	112
47.42	0.4703	Hard
47.42	0.5438	Kurast Undercity
47.42	0.5902	III IV
47.42	0.6856	Reward Upgrades (0/4)
47.42	0.7409	& Attunement: Ignite Beacons, Slay
47.42	0.7819	Monsters
47.42	0.8250	• Time Bonus: Slay Afflicted Monsters
47.42	0.8660	Reach District Boss before time expires •
47.42	0.9192	District Run
48.57	0.0639	Cave District • | 7:55 AN
48.57	0.1151	FLOOR
48.57	0.1546	1/3
48.57	0.2732	111
48.57	0.4703	Hard
48.57	0.5438	Kurast Undercity
48.57	0.5911	III IV
48.57	0.6856	Reward Upgrades (0/4) •
48.57	0.7420	& Attunement: Ignite Beacons, Slay
48.57	0.7819	Monsters
48.57	0.8233	2 Time Bonus: Slay Afflicted Monsters
48.57	0.8667	Reach District Boss before time expires •
48.57	0.9180	District Run f
49.61	0.0640	Cave District • | 7:55 AN
49.61	0.1160	FLOOR
49.61	0.1546	1/3
49.61	0.2732	109
49.61	0.4699	Hard
49.61	0.5438	Kurast Undercity
49.61	0.5911	III IV
49.61	0.6856	Reward Upgrades (0/4) •
49.61	0.7426	& Attunement: Ignite Beacons, Slay
49.61	0.7819	Monsters
49.61	0.8242	2 Time Bonus: Slay Afflicted Monsters
49.61	0.8668	Reach District Boss before time expires *
49.61	0.9192	District Run
50.69	0.0640	Cave District © | 7:55 AN
50.69	0.1160	FLOOR
50.69	0.1538	1/3
50.69	0.2732	108
50.69	0.4703	Hard
50.69	0.5438	Kurast Undercity
50.69	0.5919	III IV
50.69	0.6856	Reward Upgrades (0/4)
50.69	0.7409	& Attunement: Ignite Beacons, Slay
50.69	0.7819	Monsters
50.69	0.8250	• Time Bonus: Slay Afflicted Monsters
50.69	0.8667	Reach District Boss before time expires •
50.69	0.9192	District Run
51.79	0.0640	Cave District © | 7:55 AN
51.79	0.1159	ngFLOOR
51.79	0.1546	1/3
51.79	0.2723	107
51.79	0.4694	Hard
51.79	0.5445	Kurast Undercity 1
51.79	0.5911	III IV
51.79	0.6856	Reward Upgrades (0/4) •
51.79	0.7375	& Attunement: Ignite Beacons, Slay
51.79	0.7819	Monsters
51.79	0.8242	Z Time Bonus: Slay Afflicted Monsters
51.79	0.8660	Reach District Boss before time expires •
51.79	0.9192	District Run
52.95	0.0640	Cave District © | 7:55 AN
52.95	0.1168	FLOOR
52.95	0.1546	1/3
52.95	0.2732	106
52.95	0.4703	Hard
52.95	0.5435	Kurast Undercity 1
52.95	0.5911	III IV
52.95	0.6856	Reward Upgrades (0/4)
52.95	0.7409	& Attunement: Ignite Beacons, Slay
52.95	0.7818	Monsters
52.95	0.8238	- Time Bonus: Slay Afflicted Monsters
52.95	0.8651	Reach District Boss before time expires
52.95	0.9192	District Run
54.01	0.0640	Cave District © | 7:55 AN
54.01	0.1164	FLOOR
54.01	0.1546	1/3
54.01	0.2723	105
54.01	0.4703	Hard
54.01	0.5437	Kurast Undercity 1
54.01	0.5911	III IV
54.01	0.6856	Reward Upgrades (0/4)
54.01	0.7401	& Attunement: Ignite Beacons, Slay
54.01	0.7827	Monsters
54.01	0.8238	7 Time Bonus: Slay Afflicted Monsters
54.01	0.8659	Reach District Boss before time expires
54.01	0.9192	District Run
55.07	0.0639	Cave District © | 7:55 AN
55.07	0.1160	FLOOR
55.07	0.1546	1/3
55.07	0.2732	104
55.07	0.4699	Hard
55.07	0.5438	Kurast Undercity
55.07	0.5911	III IV
55.07	0.6856	Reward Upgrades (0/4)
55.07	0.7418	& Attunement: Ignite Beacons, Slay
55.07	0.7819	Monsters
55.07	0.8263	Time Bonus: Slay Afflicted Monsters
55.07	0.8657	Reach District Boss before time expires
55.07	0.9192	District Run
56.14	0.0627	Cave District © | 7:55 AM
56.14	0.1160	FLOOR
56.14	0.1546	1/3
56.14	0.2728	103
56.14	0.4694	Hard
56.14	0.5455	Kurast Undercity Y
56.14	0.5911	III IV
56.14	0.6856	Reward Upgrades (0/4)
56.14	0.7426	& Attunement: Ignite Beacons, Slay
56.14	0.7819	Monsters
56.14	0.8263	• Time Bonus: Slay Afflicted Monsters
56.14	0.8677	Reach District Boss before time expires
56.14	0.9192	District Run
57.26	0.0636	Cave District ©
57.26	0.0653	› | 7:55 AN
57.26	0.1168	FLOOR
57.26	0.1529	1/3
57.26	0.2723	102
57.26	0.4703	Hard
57.26	0.5438	Kurast Undercity
57.26	0.5919	IV
57.26	0.6856	Reward Upgrades (0/4) •
57.26	0.7440	Attunement: Ignite Beacons, Slay
57.26	0.7819	Monsters
57.26	0.8237	Time Bonus: Slay Afflicted Monsters •
57.26	0.8667	Reach District Boss before time expires •
57.26	0.9192	District Run
58.33	0.0639	Cave District © | 7:55 AN
58.33	0.1168	FLOOR
58.33	0.1538	1/3
58.33	0.2736	101
58.33	0.4703	Hard
58.33	0.5438	Kurast Undercity
58.33	0.5919	IV
58.33	0.6856	Reward Upgrades (0/4) •
58.33	0.7433	& Attunement: Ignite Beacons, Slay
58.33	0.7809	Monsters
58.33	0.8256	Time Bonus: Slay Afflicted Monsters
58.33	0.8665	Reach District Boss before time expires •
58.33	0.9192	District Run
59.42	0.0640	Cave District © | 7:55 AN
59.42	0.1164	FLOOR
59.42	0.1546	1/3
59.42	0.2730	100
59.42	0.4703	Hard
59.42	0.5439	Kurast Undercity
59.42	0.5911	III IV
59.42	0.6856	Reward Upgrades (0/4) •
59.42	0.7427	& Attunement: Ignite Beacons, Slay
59.42	0.7819	Monsters
59.42	0.8263	- Time Bonus: Slay Afflicted Monsters
59.42	0.8667	Reach District Boss before time expires •
59.42	0.9192	District Run
60.55	0.0644	Cave District • | 7:55 AN
60.55	0.1168	FLOOR
60.55	0.1546	1/3
60.55	0.2732	99
60.55	0.4703	Hard
60.55	0.5438	Kurast Undercity
60.55	0.5919	III IV
60.55	0.6856	Reward Upgrades (0/4) •
60.55	0.7448	Attunement: Ignite Beacons, Slay
60.55	0.7809	Monsters
60.55	0.8263	Time Bonus: Slay Afflicted Monsters
60.55	0.8667	Reach District Boss before time expires •
60.55	0.9192	District Run
61.77	0.0632	Cave District © | 7:55 AN
61.77	0.1168	FLOOR
61.77	0.1546	1/3
61.77	0.2723	97
61.77	0.3265	Z
61.77	0.4694	Hard
61.77	0.5438	Kurast Undercity
61.77	0.5911	IV
61.77	0.6856	Reward Upgrades (0/4) •
61.77	0.7448	Attunement: Ignite Beacons, Slay
61.77	0.7819	Monsters
61.77	0.8263	Time Bonus: Slay Afflicted Monsters
61.77	0.8677	Reach District Boss before time expires
61.77	0.9192	District Run
62.77	0.0639	Cave District © | 7:55 AN
62.77	0.1160	FLOOR
62.77	0.1538	1/3
62.77	0.2732	96
62.77	0.4694	Hard
62.77	0.5438	Kurast Undercity
62.77	0.5911	IV
62.77	0.6856	Reward Upgrades (0/4)
62.77	0.7426	& Attunement: Ignite Beacons, Slay
62.77	0.7809	Monsters
62.77	0.8247	Time Bonus: Slay Afflicted Monsters
62.77	0.8668	Reach District Boss before time expires
62.77	0.9192	District Run
63.95	0.0640	Cave District © | 7:55 AN
63.95	0.1168	FLOOR
63.95	0.1538	1/3
63.95	0.2723	95
63.95	0.4703	Hard
63.95	0.5438	Kurast Undercity
63.95	0.5911	• IV
63.95	0.6856	Reward Upgrades (0/4) •
63.95	0.7427	& Attunement: Ignite Beacons, Slay
63.95	0.7819	Monsters
63.95	0.8263	- Time Bonus: Slay Afflicted Monsters
63.95	0.8667	Reach District Boss before time expires •
63.95	0.9192	District Run
65.03	0.0640	Cave District © | 7:55 AN
65.03	0.1168	FLOOR
65.03	0.1538	1/3
65.03	0.2732	94
65.03	0.4694	Hard
65.03	0.5438	Kurast Undercity
65.03	0.5911	- IV
65.03	0.6856	Reward Upgrades (0/4) •
65.03	0.7427	& Attunement: Ignite Beacons, Slay
65.03	0.7819	Monsters
65.03	0.8263	• Time Bonus: Slay Afflicted Monsters
65.03	0.8676	Reach District Boss before time expires •
65.03	0.9192	District Run
66.09	0.0640	Cave District © | 7:55 AN
66.09	0.1168	FLOOR
66.09	0.1538	1/3
66.09	0.2732	93
66.09	0.4694	Hard
66.09	0.5438	Kurast Undercity
66.09	0.5911	- IV
66.09	0.6856	Reward Upgrades (0/4) •
66.09	0.7434	& Attunement: Ignite Beacons, Slay
66.09	0.7819	Monsters
66.09	0.8263	- Time Bonus: Slay Afflicted Monsters
66.09	0.8667	Reach District Boss before time expires •
66.09	0.9192	District Run
67.14	0.0640	Cave District © | 7:55 AN
67.14	0.1168	FLOOR
67.14	0.1538	1/3
67.14	0.2741	92
67.14	0.4691	Hard
67.14	0.5438	Kurast Undercity
67.14	0.5911	• IV
67.14	0.6856	Reward Upgrades (0/4) •
67.14	0.7419	& Attunement: Ignite Beacons, Slay
67.14	0.7819	Monsters
67.14	0.8263	- Time Bonus: Slay Afflicted Monsters
67.14	0.8676	Reach District Boss before time expires •
67.14	0.9192	District Run
68.23	0.0631	Cave District © | 7:55 AM
68.23	0.1168	FLOOR
68.23	0.1546	1/3
68.23	0.2732	91
68.23	0.4703	Hard
68.23	0.5438	Kurast Undercity
68.23	0.5911	IV
68.23	0.6856	Reward Upgrades (0/4) •
68.23	0.7409	& Attunement: Ignite Beacons, Slay
68.23	0.7809	Monsters
68.23	0.8263	Time Bonus: Slay Afflicted Monsters
68.23	0.8677	Reach District Boss before time expires •
68.23	0.9192	District Run
69.33	0.0640	Cave District © | 7:55 AN
69.33	0.1168	FLOOR
69.33	0.1546	1/3
69.33	0.2732	90
69.33	0.4694	Hard
69.33	0.5438	Kurast Undercity
69.33	0.5911	IV
69.33	0.6856	Reward Upgrades (0/4) •
69.33	0.7426	& Attunement: Ignite Beacons, Slay
69.33	0.7819	Monsters
69.33	0.8263	Time Bonus: Slay Afflicted Monsters
69.33	0.8667	Reach District Boss before time expires •
69.33	0.9192	District Run
70.45	0.0639	Cave District • | 7:55 AN
70.45	0.1168	FLOOR
70.45	0.1546	1/3
70.45	0.2732	89
70.45	0.4703	Hard
70.45	0.5438	Kurast Undercity
70.45	0.5911	IV
70.45	0.6856	Reward Upgrades (0/4) •
70.45	0.7419	& Attunement: Ignite Beacons, Slay
70.45	0.7809	Monsters
70.45	0.8263	Time Bonus: Slay Afflicted Monsters
70.45	0.8667	Reach District Boss before time expires •
70.45	0.9192	District Run
71.59	0.0639	Cave District © | 7:55 AN
71.59	0.1168	FLOOR
71.59	0.1546	1/3
71.59	0.2732	88
71.59	0.4703	Hard
71.59	0.5431	Kurast Undercity
71.59	0.5911	• IV
71.59	0.6856	Reward Upgrades (0/4) •
71.59	0.7419	& Attunement: Ignite Beacons, Slay
71.59	0.7819	Monsters
71.59	0.8263	Time Bonus: Slay Afflicted Monsters
71.59	0.8676	Reach District Boss before time expires •
71.59	0.9192	District Run
72.70	0.0640	Cave District © | 7:55 AN
72.70	0.1168	FLOOR
72.70	0.1546	1/3
72.70	0.2732	86
72.70	0.4703	Hard
72.70	0.5430	Kurast Undercity
72.70	0.5919	IV
72.70	0.6856	Reward Upgrades (0/4) •
72.70	0.7419	& Attunement: Ignite Beacons, Slay
72.70	0.7819	Monsters
72.70	0.8263	Time Bonus: Slay Afflicted Monsters
72.70	0.8667	Reach District Boss before time expires •
72.70	0.9192	District Run
73.75	0.0639	Cave District © | 7:55 AN
73.75	0.1168	FLOOR
73.75	0.1546	1/3
73.75	0.2723	85
73.75	0.3256	Z
73.75	0.4703	Hard
73.75	0.5430	Kurast Undercity
73.75	0.5911	• IV
73.75	0.6856	Reward Upgrades (0/4) •
73.75	0.7419	& Attunement: Ignite Beacons, Slay
73.75	0.7809	Monsters
73.75	0.8263	Time Bonus: Slay Afflicted Monsters
73.75	0.8667	Reach District Boss before time expires •
73.75	0.9192	District Run
74.78	0.0636	Cave District o
74.78	0.0653	| 7:55 AN
74.78	0.1164	FLOOR
74.78	0.1546	1/3
74.78	0.2732	84
74.78	0.4703	Hard
74.78	0.5438	Kurast Undercity
74.78	0.5919	IV
74.78	0.6856	Reward Upgrades (0/4) •
74.78	0.7427	& Attunement: Ignite Beacons, Slay
74.78	0.7809	Monsters
74.78	0.8247	Time Bonus: Slay Afflicted Monsters
74.78	0.8675	Reach District Boss before time expires •
74.78	0.9192	District Run
75.86	0.0636	Cave District o
75.86	0.0653	| 7:55 AM
75.86	0.1160	FLOOR
75.86	0.1546	1/3
75.86	0.2732	83
75.86	0.4703	Hard
75.86	0.5438	Kurast Undercity
75.86	0.5919	IV
75.86	0.6856	Reward Upgrades (0/4)
75.86	0.7400	& Attunement: Ignite Beacons, Slay
75.86	0.7819	Monsters
75.86	0.8251	& Time Bonus: Slay Afflicted Monsters
75.86	0.8675	Reach District Boss before time expires •
75.86	0.9192	District Run
76.94	0.0640	Cave District © | 7:55 AN
76.94	0.1164	FLOOR
76.94	0.1546	1/3
76.94	0.2741	82
76.94	0.4703	Hard
76.94	0.5430	Kurast Undercity
76.94	0.5911	IV
76.94	0.6856	Reward Upgrades (0/4) •
76.94	0.7401	& Attunement: Ignite Beacons, Slay
76.94	0.7819	Monsters
76.94	0.8230	& Time Bonus: Slay Afflicted Monsters *
76.94	0.8677	Reach District Boss before time expires •
76.94	0.9192	District Run
78.16	0.0640	Cave District © | 7:56 AN
78.16	0.1160	FLOOR
78.16	0.1546	1/3
78.16	0.2732	81
78.16	0.4703	Hard
78.16	0.5430	Kurast Undercity
78.16	0.5919	IV
78.16	0.6856	Reward Upgrades (0/4) •
78.16	0.7401	& Attunement: Ignite Beacons, Slay
78.16	0.7809	Monsters
78.16	0.8242	Z Time Bonus: Slay Afflicted Monsters
78.16	0.8667	Reach District Boss before time expires •
78.16	0.9192	District Run
79.35	0.0644	Cave District • | 7:56 AN
79.35	0.1164	FLOOR
79.35	0.1546	1/3
79.35	0.2732	80
79.35	0.4703	Hard
79.35	0.5438	Kurast Undercity
79.35	0.5919	IV
79.35	0.6851	Reward Upgrades (0/4) •
79.35	0.7419	& Attunement: Ignite Beacons, Slay
79.35	0.7814	Monsters
79.35	0.8263	- Time Bonus: Slay Afflicted Monsters
79.35	0.8662	Reach District Boss before time expires •
79.35	0.9192	District Run
80.44	0.0636	Cave District D
80.44	0.0653	› | 7:56 AN
80.44	0.1164	FLOOR
80.44	0.1538	1/3
80.44	0.2732	79
80.44	0.4703	Hard
80.44	0.5438	Kurast Undercity
80.44	0.5911	III IV
80.44	0.6856	Reward Upgrades (0/4) •
80.44	0.7448	Attunement: Ignite Beacons, Slay
80.44	0.7819	Monsters
80.44	0.8262	Z Time Bonus: Slay Afflicted Monsters
80.44	0.8662	Reach District Boss before time expires •
80.44	0.9192	District Run
81.58	0.0636	Cave District (o
81.58	0.0653	| 7:56 AN
81.58	0.1164	FLOOR
81.58	0.1546	1/3
81.58	0.2741	78
81.58	0.4703	Hard
81.58	0.5438	Kurast Undercity
81.58	0.5911	III IV
81.58	0.6854	Reward Upgrades (0/4) •
81.58	0.7410	& Attunement: Ignite Beacons, Slay
81.58	0.7819	Monsters
81.58	0.8263	- Time Bonus: Slay Afflicted Monsters
81.58	0.8677	Reach District Boss before time expires •
81.58	0.9192	District Run
82.62	0.0640	Cave District • | 7:56 AN
82.62	0.1160	FLOOR
82.62	0.1546	1/3
82.62	0.2741	76
82.62	0.4703	Hard
82.62	0.5438	Kurast Undercity
82.62	0.5919	IV
82.62	0.6856	Reward Upgrades (0/4) •
82.62	0.7409	& Attunement: Ignite Beacons, Slay
82.62	0.7809	Monsters
82.62	0.8242	Z Time Bonus: Slay Afflicted Monsters
82.62	0.8668	Reach District Boss before time expires •
82.62	0.9192	District Run
83.72	0.0653	Cave District © | 7:56 AM
83.72	0.1160	FLOOR
83.72	0.1546	1/3
83.72	0.2723	75
83.72	0.4694	Hard
83.72	0.5438	Kurast Undercity
83.72	0.5911	IV
83.72	0.6856	Reward Upgrades (0/4) •
83.72	0.7426	& Attunement: Ignite Beacons, Slay
83.72	0.7809	Monsters
83.72	0.8263	Time Bonus: Slay Afflicted Monsters
83.72	0.8667	Reach District Boss before time expires •
83.72	0.9192	District Run
84.81	0.0636	Cave District o
84.81	0.0644	›| 7:56 AN
84.81	0.1168	FLOOR
84.81	0.1546	1/3
84.81	0.2732	74
84.81	0.4694	Hard
84.81	0.5438	Kurast Undercity
84.81	0.5911	IV
84.81	0.6856	Reward Upgrades (0/4) •
84.81	0.7418	& Attunement: Ignite Beacons, Slay
84.81	0.7819	Monsters
84.81	0.8263	Time Bonus: Slay Afflicted Monsters
84.81	0.8667	Reach District Boss before time expires •
84.81	0.9192	District Run
85.85	0.0631	Cave District © | 7:56 AN
85.85	0.1168	FLOOR
85.85	0.1546	1/3
85.85	0.2732	73
85.85	0.4703	Hard
85.85	0.5438	Kurast Undercity
85.85	0.5911	IV
85.85	0.6856	Reward Upgrades (0/4) •
85.85	0.7448	Attunement: Ignite Beacons, Slay
85.85	0.7809	Monsters
85.85	0.8263	Time Bonus: Slay Afflicted Monsters
85.85	0.8667	Reach District Boss before time expires •
85.85	0.9192	District Run
86.89	0.0640	Cave District © | 7:56 AN
86.89	0.1168	FLOOR
86.89	0.1546	1/3
86.89	0.2741	72
86.89	0.4703	Hard
86.89	0.5438	Kurast Undercity
86.89	0.5911	IV
86.89	0.6856	Reward Upgrades (0/4)
86.89	0.7426	& Attunement: Ignite Beacons, Slay
86.89	0.7819	Monsters
86.89	0.8294	A Time Bonus: Slay Afflicted Monsters
86.89	0.8677	Reach District Boss before time expires
86.89	0.9192	District Run
87.99	0.0653	Cave District © | 7:56 AM
87.99	0.1164	FLOOR
87.99	0.1546	1/3
87.99	0.2732	71
87.99	0.4703	Hard
87.99	0.5430	Kurast Undercity
87.99	0.5911	IV
87.99	0.6856	Reward Upgrades (0/4) •
87.99	0.7418	& Attunement: Ignite Beacons, Slay
87.99	0.7809	Monsters
87.99	0.8263	Time Bonus: Slay Afflicted Monsters
87.99	0.8667	Reach District Boss before time expires •
87.99	0.9192	District Run
89.06	0.0639	Cave District © | 7:56 AN
89.06	0.1168	FLOOR
89.06	0.1546	1/3
89.06	0.2741	70
89.06	0.4703	Hard
89.06	0.5430	Kurast Undercity
89.06	0.5911	IV
89.06	0.6856	Reward Upgrades (0/4) •
89.06	0.7408	& Attunement: Ignite Beacons, Slay
89.06	0.7819	Monsters
89.06	0.8263	Time Bonus: Slay Afflicted Monsters
89.06	0.8676	Reach District Boss before time expires •
89.06	0.9192	District Run
90.12	0.0631	Cave District © | 7:56 AM
90.12	0.1164	FLOOR
90.12	0.1546	1/3
90.12	0.2732	69
90.12	0.4699	Hard
90.12	0.5438	Kurast Undercity
90.12	0.5919	IV
90.12	0.6856	Reward Upgrades (0/4)
90.12	0.7409	& Attunement: Ignite Beacons, Slay
90.12	0.7819	Monsters
90.12	0.8244	& Time Bonus: Slay Afflicted Monsters
90.12	0.8677	Reach District Boss before time expires
90.12	0.9192	District Run
91.19	0.0639	Cave District © | 7:56 AN
91.19	0.1168	FLOOR
91.19	0.1546	1/3
91.19	0.2732	68
91.19	0.4703	Hard
91.19	0.5438	Kurast Undercity
91.19	0.5919	IV
91.19	0.6856	Reward Upgrades (0/4) •
91.19	0.7409	& Attunement: Ignite Beacons, Slay
91.19	0.7819	Monsters
91.19	0.8263	- Time Bonus: Slay Afflicted Monsters
91.19	0.8660	Reach District Boss before time expires •
91.19	0.9192	District Run
92.27	0.0636	Cave District o
92.27	0.0653	| 7:56 AN
92.27	0.1156	FLOOR
92.27	0.1546	1/3
92.27	0.2723	67
92.27	0.4703	Hard
92.27	0.5438	Kurast Undercity
92.27	0.5911	IV
92.27	0.6856	Reward Upgrades (0/4) •
92.27	0.7419	& Attunement: Ignite Beacons, Slay
92.27	0.7819	Monsters
92.27	0.8247	Time Bonus: Slay Afflicted Monsters
92.27	0.8667	Reach District Boss before time expires •
92.27	0.9192	District Run
93.39	0.0636	Cave District o
93.39	0.0653	| 7:56 AN
93.39	0.1164	FLOOR
93.39	0.1546	1/3
93.39	0.2732	66
93.39	0.4703	Hard
93.39	0.5438	Kurast Undercity
93.39	0.5911	IV
93.39	0.6856	Reward Upgrades (0/4) •
93.39	0.7426	& Attunement: Ignite Beacons, Slay
93.39	0.7819	Monsters
93.39	0.8242	2 Time Bonus: Slay Afflicted Monsters
93.39	0.8667	Reach District Boss before time expires •
93.39	0.9192	District Run
94.56	0.0636	Cave District o
94.56	0.0644	| 7:56 AM
94.56	0.1164	FLOOR
94.56	0.1546	1/3
94.56	0.2732	65
94.56	0.4694	Hard
94.56	0.5430	Kurast Undercity
94.56	0.5911	IV
94.56	0.6856	Reward Upgrades (0/4) •
94.56	0.7426	& Attunement: Ignite Beacons, Slay
94.56	0.7819	Monsters
94.56	0.8242	2 Time Bonus: Slay Afflicted Monsters
94.56	0.8667	Reach District Boss before time expires •
94.56	0.9192	District Run
95.64	0.0631	Cave District © | 7:56 AN
95.64	0.1164	FLOOR
95.64	0.1546	1/3
95.64	0.2741	63
95.64	0.4703	Hard
95.64	0.5438	Kurast Undercity
95.64	0.5911	IV
95.64	0.6856	Reward Upgrades (0/4) •
95.64	0.7434	& Attunement: Ignite Beacons, Slay
95.64	0.7809	Monsters
95.64	0.8256	Time Bonus: Slay Afflicted Monsters
95.64	0.8676	Reach District Boss before time expires •
95.64	0.9192	District Run
96.77	0.0636	Cave District o
96.77	0.0644	) | 7:56 AN
96.77	0.1164	FLOOR
96.77	0.1546	1/3
96.77	0.2741	62
96.77	0.4705	Hard
96.77	0.5438	Kurast Undercity
96.77	0.5919	IV
96.77	0.6856	Reward Upgrades (0/4) •
96.77	0.7426	& Attunement: Ignite Beacons, Slay
96.77	0.7819	Monsters
96.77	0.8263	Time Bonus: Slay Afflicted Monsters
96.77	0.8676	Reach District Boss before time expires •
96.77	0.9192	District Run
97.94	0.0631	Cave District © | 7:56 AN
97.94	0.1161	FLOOR
97.94	0.1546	1/3
97.94	0.2732	61
97.94	0.4699	Hard
97.94	0.5438	Kurast Undercity
97.94	0.5911	IV
97.94	0.6856	Reward Upgrades (0/4) •
97.94	0.7419	& Attunement: Ignite Beacons, Slay
97.94	0.7819	Monsters
97.94	0.8256	Time Bonus: Slay Afflicted Monsters
97.94	0.8676	Reach District Boss before time expires •
97.94	0.9192	District Run
98.96	0.0636	Cave District o
98.96	0.0653	| 7:56 AN
98.96	0.1168	FLOOR
98.96	0.1546	1/3
98.96	0.2732	60
98.96	0.4703	Hard
98.96	0.5438	Kurast Undercity
98.96	0.5911	IV
98.96	0.6856	Reward Upgrades (0/4) •
98.96	0.7426	& Attunement: Ignite Beacons, Slay
98.96	0.7819	Monsters
98.96	0.8242	- Time Bonus: Slay Afflicted Monsters
98.96	0.8676	Reach District Boss before time expires •
98.96	0.9192	District Run
100.02	0.0636	Cave District o
100.02	0.0653	| 7:56 AN
100.02	0.1164	FLOOR
100.02	0.1546	1/3
100.02	0.2732	59
100.02	0.4703	Hard
100.02	0.5438	Kurast Undercity
100.02	0.5911	• IV
100.02	0.6856	Reward Upgrades (0/4) •
100.02	0.7417	& Attunement: Ignite Beacons, Slay
100.02	0.7819	Monsters
100.02	0.8263	Time Bonus: Slay Afflicted Monsters
100.02	0.8677	Reach District Boss before time expires •
100.02	0.9192	District Run
101.11	0.0636	Cave District o
101.11	0.0644	| 7:56 AM
101.11	0.1164	FLOOR
101.11	0.1546	1/3
101.11	0.2732	58
101.11	0.4699	Hard
101.11	0.5438	Kurast Undercity
101.11	0.5911	IV
101.11	0.6856	Reward Upgrades (0/4) •
101.11	0.7426	& Attunement: Ignite Beacons, Slay
101.11	0.7819	Monsters
101.11	0.8263	Time Bonus: Slay Afflicted Monsters
101.11	0.8668	Reach District Boss before time expires •
101.11	0.9192	District Run
102.21	0.0636	Cave District (o
102.21	0.0644	| 7:56 AM
102.21	0.1164	FLOOR
102.21	0.1546	1/3
102.21	0.2741	57
102.21	0.4695	Hard
102.21	0.5430	Kurast Undercity
102.21	0.5911	IV
102.21	0.6856	Reward Upgrades (0/4) •
102.21	0.7434	& Attunement: Ignite Beacons, Slay
102.21	0.7819	Monsters
102.21	0.8263	Time Bonus: Slay Afflicted Monsters
102.21	0.8676	Reach District Boss before time expires •
102.21	0.9192	District Run
103.25	0.0636	Cave District o
103.25	0.0644	| 7:56 AM
103.25	0.1168	FLOOR
103.25	0.1546	1/3
103.25	0.2732	56
103.25	0.4699	Hard
103.25	0.5438	Kurast Undercity
103.25	0.5911	III IV
103.25	0.6856	Reward Upgrades (0/4) •
103.25	0.7440	Attunement: Ignite Beacons, Slay
103.25	0.7819	Monsters
103.25	0.8242	2 Time Bonus: Slay Afflicted Monsters
103.25	0.8677	Reach District Boss before time expires •
103.25	0.9192	District Run
104.31	0.0636	Cave District o
104.31	0.0653	| 7:56 AN
104.31	0.1168	FLOOR
104.31	0.1546	1/3
104.31	0.2732	55
104.31	0.4703	Hard
104.31	0.5438	Kurast Undercity
104.31	0.5911	IV
104.31	0.6856	Reward Upgrades (0/4) •
104.31	0.7425	& Attunement: Ignite Beacons, Slay
104.31	0.7819	Monsters
104.31	0.8242	2 Time Bonus: Slay Afflicted Monsters
104.31	0.8667	Reach District Boss before time expires •
104.31	0.9192	District Run
105.42	0.0636	Cave District (o
105.42	0.0644	| 7:56 AM
105.42	0.1164	FLOOR
105.42	0.1546	1/3
105.42	0.2732	54
105.42	0.4703	Hard
105.42	0.5438	Kurast Undercity
105.42	0.5919	IV
105.42	0.6856	Reward Upgrades (0/4) •
105.42	0.7434	& Attunement: Ignite Beacons, Slay
105.42	0.7819	Monsters
105.42	0.8263	Time Bonus: Slay Afflicted Monsters
105.42	0.8668	Reach District Boss before time expires *
105.42	0.9192	District Run
106.53	0.0636	Cave District (o
106.53	0.0644	› | 7:56 AM
106.53	0.1168	FLOOR
106.53	0.1546	1/3
106.53	0.2732	53
106.53	0.4694	Hard
106.53	0.5438	Kurast Undercity
106.53	0.5919	IV
106.53	0.6856	Reward Upgrades (0/4) •
106.53	0.7426	& Attunement: Ignite Beacons, Slay
106.53	0.7819	Monsters
106.53	0.8247	Time Bonus: Slay Afflicted Monsters
106.53	0.8668	Reach District Boss before time expires
106.53	0.9192	District Run
107.62	0.0631	Cave District © | 7:56 AM
107.62	0.1164	FLOOR
107.62	0.1546	1/3
107.62	0.2732	51
107.62	0.4703	Hard
107.62	0.5438	Kurast Undercity
107.62	0.5911	IV
107.62	0.6856	Reward Upgrades (0/4) •
107.62	0.7448	• Attunement: Ignite Beacons, Slay
107.62	0.7819	Monsters
107.62	0.8247	Time Bonus: Slay Afflicted Monsters
107.62	0.8668	Reach District Boss before time expires •
107.62	0.9192	District Run
108.75	0.0636	Cave District o
108.75	0.0653	| 7:56 AN
108.75	0.1160	FLOOR
108.75	0.1546	1/3
108.75	0.2732	50
108.75	0.4708	Hard
108.75	0.5438	Kurast Undercity
108.75	0.5919	IV
108.75	0.6856	Reward Upgrades (0/4) •
108.75	0.7419	& Attunement: Ignite Beacons, Slay
108.75	0.7809	Monsters
108.75	0.8263	Time Bonus: Slay Afflicted Monsters
108.75	0.8667	Reach District Boss before time expires •
108.75	0.9192	District Run
109.82	0.0640	Cave District © | 7:56 AN
109.82	0.1164	FLOOR
109.82	0.1546	1/3
109.82	0.2732	49
109.82	0.4703	Hard
109.82	0.5430	Kurast Undercity
109.82	0.5919	IV
109.82	0.6856	Reward Upgrades (0/4) •
109.82	0.7418	& Attunement: Ignite Beacons, Slay
109.82	0.7819	Monsters
109.82	0.8247	Time Bonus: Slay Afflicted Monsters
109.82	0.8668	Reach District Boss before time expires *
109.82	0.9192	District Run
110.92	0.0636	Cave District o
110.92	0.0653	17:56 AN
110.92	0.1160	FLOOR
110.92	0.1546	1/3
110.92	0.2732	48
110.92	0.4703	Hard
110.92	0.5438	Kurast Undercity
110.92	0.5911	IV
110.92	0.6856	Reward Upgrades (0/4)
110.92	0.7419	& Attunement: Ignite Beacons, Slay
110.92	0.7819	Monsters
110.92	0.8263	- Time Bonus: Slay Afflicted Monsters
110.92	0.8662	Reach District Boss before time expires•
110.92	0.9192	District Run
111.98	0.0640	Cave District © | 7:56 AN
111.98	0.1160	FLOOR
111.98	0.1546	1/3
111.98	0.2723	47
111.98	0.4703	Hard
111.98	0.5438	Kurast Undercity
111.98	0.5919	IV
111.98	0.6856	Reward Upgrades (0/4) •
111.98	0.7419	& Attunement: Ignite Beacons, Slay
111.98	0.7819	Monsters
111.98	0.8256	Time Bonus: Slay Afflicted Monsters
111.98	0.8676	Reach District Boss before time expires •
111.98	0.9192	District Run
113.02	0.0640	Cave District © | 7:56 AN
113.02	0.1160	FLOOR
113.02	0.1529	1/3
113.02	0.2741	46
113.02	0.4699	Hard
113.02	0.5442	Kurast Undercity 1
113.02	0.5928	IV
113.02	0.6856	Reward Upgrades (0/4) •
113.02	0.7426	& Attunement: Ignite Beacons, Slay
113.02	0.7819	Monsters
113.02	0.8247	Time Bonus: Slay Afflicted Monsters
113.02	0.8668	Reach District Boss before time expires •
113.02	0.9192	District Run
114.11	0.0640	Cave District • | 7:56 AN
114.11	0.1160	FLOOR
114.11	0.1538	1/3
114.11	0.2732	45
114.11	0.4699	Hard
114.11	0.5442	Kurast Undercity 1
114.11	0.5911	• IV
114.11	0.6856	Reward Upgrades (0/4)
114.11	0.7418	& Attunement: Ignite Beacons, Slay
114.11	0.7819	Monsters
114.11	0.8247	Time Bonus: Slay Afflicted Monsters
114.11	0.8668	Reach District Boss before time expires *
114.11	0.9192	District Run
115.23	0.0640	Cave District • | 7:56 AN
115.23	0.1160	FLOOR
115.23	0.1538	1/3
115.23	0.2741	44
115.23	0.3265	Z
115.23	0.4691	Hard
115.23	0.5442	Kurast Undercity 1
115.23	0.5911	III IV
115.23	0.6856	Reward Upgrades (0/4)
115.23	0.7434	& Attunement: Ignite Beacons, Slay
115.23	0.7819	Monsters
115.23	0.8247	Time Bonus: Slay Afflicted Monsters
115.23	0.8668	Reach District Boss before time expires *
115.23	0.9192	District Run
116.27	0.0640	Cave District • | 7:56 AN
116.27	0.1164	FLOOR
116.27	0.1538	1/3
116.27	0.2732	43
116.27	0.4691	Hard
116.27	0.5431	Kurast Undercity
116.27	0.5919	IV
116.27	0.6856	Reward Upgrades (0/4) •
116.27	0.7434	& Attunement: Ignite Beacons, Slay
116.27	0.7819	Monsters
116.27	0.8209	• Time Bonus: Slay Afflicted Monsters
116.27	0.8667	Reach District Boss before time expires •
116.27	0.9192	District Run
117.43	0.0640	Cave District © | 7:56 AN
117.43	0.1164	FLOOR
117.43	0.1521	1/3
117.43	0.2741	42
117.43	0.4691	Hard
117.43	0.5434	Kurast Undercity 1
117.43	0.5911	IV
117.43	0.6856	Reward Upgrades (0/4)
117.43	0.7426	& Attunement: Ignite Beacons, Slay
117.43	0.7819	Monsters
117.43	0.8209	• Time Bonus: Slay Afflicted Monsters
117.43	0.8667	Reach District Boss before time expires •
117.43	0.9192	District Run
118.54	0.0640	Cave District • | 7:56 AN
118.54	0.1168	FLOOR
118.54	0.1529	•1/3
118.54	0.2732	41
118.54	0.4694	Hard
118.54	0.5438	Kurast Undercity
118.54	0.5919	IV
118.54	0.6856	Reward Upgrades (0/4)
118.54	0.7441	& Attunement: Ignite Beacons, Slay
118.54	0.7819	Monsters
118.54	0.8187	- Time Bonus: Slay Afflicted Monsters
118.54	0.8667	Reach District Boss before time expires •
118.54	0.9192	District Run
119.64	0.0640	Cave District © | 7:56 AN
119.64	0.1168	FLOOR
119.64	0.1529	1/3
119.64	0.2732	39
119.64	0.4691	Hard
119.64	0.5443	Kurast Undercity 1
119.64	0.5911	IV
119.64	0.6856	Reward Upgrades (0/4)
119.64	0.7426	& Attunement: Ignite Beacons, Slay
119.64	0.7819	Monsters
119.64	0.8247	Time Bonus: Slay Afflicted Monsters
119.64	0.8668	Reach District Boss before time expires *
119.64	0.9202	District Run
120.79	0.0639	Cave District © | 7:56 AN
120.79	0.1168	FLOOR
120.79	0.1546	1/3
120.79	0.2732	38
120.79	0.4694	Hard
120.79	0.5442	Kurast Undercity 1
120.79	0.5911	• IV
120.79	0.6856	Reward Upgrades (0/4)
120.79	0.7426	& Attunement: Ignite Beacons, Slay
120.79	0.7819	Monsters
120.79	0.8247	Time Bonus: Slay Afflicted Monsters
120.79	0.8668	Reach District Boss before time expires *
120.79	0.9202	District Run
121.83	0.0640	Cave District © | 7:56 AN
121.83	0.1168	FLOOR
121.83	0.1538	1/3
121.83	0.2723	37
121.83	0.4699	Hard
121.83	0.5434	Kurast Undercity 1
121.83	0.5911	• IV
121.83	0.6856	Reward Upgrades (0/4)
121.83	0.7426	& Attunement: Ignite Beacons, Slay
121.83	0.7819	Monsters
121.83	0.8245	& Time Bonus: Slay Afflicted Monsters
121.83	0.8668	Reach District Boss before time expires *
121.83	0.9202	District Run
122.89	0.0640	Cave District • | 7:56 AN
122.89	0.1168	FLOOR
122.89	0.1538	1/3
122.89	0.2732	36
122.89	0.4691	Hard
122.89	0.5443	Kurast Undercity 1
122.89	0.5911	IV
122.89	0.6856	Reward Upgrades (0/4)
122.89	0.7426	& Attunement: Ignite Beacons, Slay
122.89	0.7819	Monsters
122.89	0.8247	Time Bonus: Slay Afflicted Monsters
122.89	0.8652	Reach District Boss before time expires
122.89	0.9192	District Run
123.95	0.0639	Cave District • | 7:56 AN
123.95	0.1168	FLOOR
123.95	0.1538	1/3
123.95	0.2723	35
123.95	0.4691	Hard
123.95	0.5434	Kurast Undercity 1
123.95	0.5911	IV
123.95	0.6856	Reward Upgrades (0/4) •
123.95	0.7448	Attunement: Ignite Beacons, Slay
123.95	0.7819	Monsters
123.95	0.8209	• Time Bonus: Slay Afflicted Monsters
123.95	0.8652	Reach District Boss before time expires
123.95	0.9192	District Run
125.01	0.0640	Cave District • | 7:56 AN
125.01	0.1164	FLOOR
125.01	0.1538	1/3
125.01	0.2732	34
125.01	0.4699	Hard
125.01	0.5441	Kurast Undercity
125.01	0.5911	• IV
125.01	0.6856	Reward Upgrades (0/4)
125.01	0.7434	& Attunement: Ignite Beacons, Slay
125.01	0.7819	Monsters
125.01	0.8245	& Time Bonus: Slay Afflicted Monsters
125.01	0.8668	Reach District Boss before time expires •
125.01	0.9202	District Run
126.10	0.0640	Cave District © | 7:56 AN
126.10	0.1168	FLOOR
126.10	0.1538	1/3
126.10	0.2732	33
126.10	0.4691	Hard
126.10	0.5442	Kurast Undercity 1
126.10	0.5911	• IV
126.10	0.6856	Reward Upgrades (0/4)
126.10	0.7426	& Attunement: Ignite Beacons, Slay
126.10	0.7819	Monsters
126.10	0.8209	• Time Bonus: Slay Afflicted Monsters
126.10	0.8668	Reach District Boss before time expires •
126.10	0.9202	District Run
127.13	0.0639	Cave District • | 7:56 AN
127.13	0.1160	FLOOR
127.13	0.1538	1/3
127.13	0.2741	32
127.13	0.4691	Hard
127.13	0.5437	Kurast Undercity 1
127.13	0.5919	• IV
127.13	0.6856	Reward Upgrades (0/4) •
127.13	0.7434	& Attunement: Ignite Beacons, Slay
127.13	0.7819	Monsters
127.13	0.8247	Time Bonus: Slay Afflicted Monsters
127.13	0.8668	Reach District Boss before time expires •
127.13	0.9192	District Run
128.19	0.0639	Cave District • | 7:56 AN
128.19	0.1168	FLOOR
128.19	0.1529	•1/3
128.19	0.2732	31
128.19	0.4691	Hard
128.19	0.5437	Kurast Undercity 1
128.19	0.5919	• IV
128.19	0.6856	Reward Upgrades (0/4)
128.19	0.7427	& Attunement: Ignite Beacons, Slay
128.19	0.7819	Monsters
128.19	0.8209	• Time Bonus: Slay Afflicted Monsters
128.19	0.8668	Reach District Boss before time expires •
128.19	0.9192	District Run
129.24	0.0640	Cave District • | 7:56 AN
129.24	0.1168	FLOOR
129.24	0.1538	1/3
129.24	0.2732	30
129.24	0.4694	Hard
129.24	0.5433	Kurast Undercity '
129.24	0.5919	IV
129.24	0.6856	Reward Upgrades (0/4)
129.24	0.7448	Attunement: Ignite Beacons, Slay
129.24	0.7819	Monsters
129.24	0.8187	- Time Bonus: Slay Afflicted Monsters
129.24	0.8667	Reach District Boss before time expires •
129.24	0.9192	District Run
130.28	0.0644	Cave District • | 7:56 AN
130.28	0.1168	FLOOR
130.28	0.1538	1/3
130.28	0.2741	29
130.28	0.4691	Hard
130.28	0.5434	Kurast Undercity 1
130.28	0.5919	• IV
130.28	0.6856	Reward Upgrades (0/4)
130.28	0.7426	& Attunement: Ignite Beacons, Slay
130.28	0.7819	Monsters
130.28	0.8245	& Time Bonus: Slay Afflicted Monsters
130.28	0.8651	Reach District Boss before time expires
130.28	0.9192	District Run
131.38	0.0639	Cave District • | 7:56 AN
131.38	0.1168	FLOOR
131.38	0.1538	1/3
131.38	0.2741	28
131.38	0.4691	Hard
131.38	0.5442	Kurast Undercity 1
131.38	0.5919	IV
131.38	0.6856	Reward Upgrades (0/4)
131.38	0.7426	& Attunement: Ignite Beacons, Slay
131.38	0.7819	Monsters
131.38	0.8187	- Time Bonus: Slay Afflicted Monsters
131.38	0.8668	Reach District Boss before time expires •
131.38	0.9192	District Run
132.50	0.0640	Cave District © | 7:56 AN
132.50	0.1168	FLOOR
132.50	0.1538	1/3
132.50	0.2723	27
132.50	0.4691	Hard
132.50	0.5434	Kurast Undercity 1
132.50	0.5911	• IV
132.50	0.6856	Reward Upgrades (0/4)
132.50	0.7426	& Attunement: Ignite Beacons, Slay
132.50	0.7819	Monsters
132.50	0.8247	Time Bonus: Slay Afflicted Monsters
132.50	0.8652	Reach District Boss before time expires
132.50	0.9192	District Run
133.57	0.0640	Cave District • | 7:56 AN
133.57	0.1160	FLOOR
133.57	0.1546	1/3
133.57	0.2733	25
133.57	0.4699	Hard
133.57	0.5441	Kurast Undercity '
133.57	0.5911	IV
133.57	0.6856	Reward Upgrades (0/4)
133.57	0.7426	& Attunement: Ignite Beacons, Slay
133.57	0.7819	Monsters
133.57	0.8263	Time Bonus: Slay Afflicted Monsters
133.57	0.8668	Reach District Boss before time expires •
133.57	0.9192	District Run
134.72	0.0640	Cave District © | 7:56 AN
134.72	0.1168	FLOOR
134.72	0.1538	1/3
134.72	0.2732	24
134.72	0.4691	Hard
134.72	0.5441	Kurast Undercity
134.72	0.5911	IV
134.72	0.6856	Reward Upgrades (0/4)
134.72	0.7426	& Attunement: Ignite Beacons, Slay
134.72	0.7819	Monsters
134.72	0.8209	• Time Bonus: Slay Afflicted Monsters
134.72	0.8668	Reach District Boss before time expires •
134.72	0.9202	District Run
135.79	0.0640	Cave District • | 7:56 AN
135.79	0.1164	FLOOR
135.79	0.1538	*1/3
135.79	0.2741	23
135.79	0.4691	Hard
135.79	0.5441	Kurast Undercity '
135.79	0.5919	IV
135.79	0.6856	Reward Upgrades (0/4)
135.79	0.7426	& Attunement: Ignite Beacons, Slay
135.79	0.7809	Monsters
135.79	0.8263	Time Bonus: Slay Afflicted Monsters
135.79	0.8667	Reach District Boss before time expires •
135.79	0.9192	District Run
136.87	0.0639	Cave District • | 7:56 AN
136.87	0.1160	FLOOR
136.87	0.1538	1/3
136.87	0.2741	22
136.87	0.4694	Hard
136.87	0.5439	Kurast Undercity
136.87	0.5911	• IV
136.87	0.6856	Reward Upgrades (0/4) •
136.87	0.7426	& Attunement: Ignite Beacons, Slay
136.87	0.7819	Monsters
136.87	0.8209	• Time Bonus: Slay Afflicted Monsters
136.87	0.8667	Reach District Boss before time expires •
136.87	0.9192	District Run
138.07	0.0639	Cave District © | 7:57 AN
138.07	0.1160	FLOOR
138.07	0.1529	•1/3
138.07	0.2732	21
138.07	0.4691	Hard
138.07	0.5442	Kurast Undercity
138.07	0.5911	IV
138.07	0.6856	Reward Upgrades (0/4)
138.07	0.7426	& Attunement: Ignite Beacons, Slay
138.07	0.7819	Monsters
138.07	0.8209	• Time Bonus: Slay Afflicted Monsters
138.07	0.8668	Reach District Boss before time expires *
138.07	0.9202	District Run
139.15	0.0636	Cave District 0) | 7:57 AM
139.15	0.1168	FLOOR
139.15	0.1529	•1/3
139.15	0.2741	20
139.15	0.4699	Hard
139.15	0.5441	Kurast Undercity '
139.15	0.5911	IV
139.15	0.6856	Reward Upgrades (0/4)
139.15	0.7426	& Attunement: Ignite Beacons, Slay
139.15	0.7819	Monsters
139.15	0.8247	Time Bonus: Slay Afflicted Monsters
139.15	0.8668	Reach District Boss before time expires *
139.15	0.9202	District Run
140.24	0.0631	Cave District © | 7:57 AN
140.24	0.1160	FLOOR
140.24	0.1538	1/3
140.24	0.2740	19
140.24	0.4691	Hard
140.24	0.5441	Kurast Undercity
140.24	0.5911	III IV
140.24	0.6856	Reward Upgrades (0/4)
140.24	0.7426	& Attunement: Ignite Beacons, Slay
140.24	0.7819	Monsters
140.24	0.8187	- Time Bonus: Slay Afflicted Monsters
140.24	0.8652	Reach District Boss before time expires
140.24	0.9192	District Run
141.37	0.0647	Cave District © | 7:57 AM
141.37	0.1168	FLOOR
141.37	0.1546	1/3
141.37	0.2732	18
141.37	0.4703	Hard
141.37	0.5438	Kurast Undercity
141.37	0.5911	/ IV
141.37	0.6856	Reward Upgrades (0/4)
141.37	0.7409	& Attunement: Ignite Beacons, Slay
141.37	0.7819	Monsters
141.37	0.8244	2 Time Bonus: Slay Afflicted Monsters
141.37	0.8677	Reach District Boss before time expires
141.37	0.9192	District Run
142.42	0.0620	Hell's TrumpetCave District © 17:57 AM
142.42	0.0919	Afflicted
142.42	0.1168	FLOOR
142.42	0.1546	1/3
142.42	0.2741	17
142.42	0.4694	Hard
142.42	0.5438	Kurast Undercity
142.42	0.5911	III IV
142.42	0.6856	Reward Upgrades (0/4)
142.42	0.7432	& Attunement: Ignite Beacons, Slay
142.42	0.7819	Monsters
142.42	0.8247	Time Bonus: Slay Afflicted Monsters
142.42	0.8668	Reach District Boss before time expires
142.42	0.9192	District Run
143.46	0.0609	Hell's TrumpetCave District © | 7:57 AN
143.46	0.0919	Afflicted
143.46	0.1168	FLOOR
143.46	0.1546	1/3
143.46	0.2741	16
143.46	0.4703	Hard
143.46	0.5438	Kurast Undercity
143.46	0.5911	III IV
143.46	0.6856	Reward Upgrades (0/4)
143.46	0.7440	Attunement: Ignite Beacons, Slay
143.46	0.7819	Monsters
143.46	0.8247	Time Bonus: Slay Afflicted Monsters
143.46	0.8668	Reach District Boss before time expires •
143.46	0.9192	District Run
144.56	0.0615	Hell's TrumpetCave District © | 7:57 AM
144.56	0.0919	Afflicted
144.56	0.1168	FLOOR
144.56	0.1546	1/3
144.56	0.2732	15
144.56	0.4703	Hard
144.56	0.5438	Kurast Undercity
144.56	0.5911	IV
144.56	0.6856	Reward Upgrades (0/4) •
144.56	0.7432	& Attunement: Ignite Beacons, Slay
144.56	0.7819	Monsters
144.56	0.8247	Time Bonus: Slay Afflicted Monsters
144.56	0.8668	Reach District Boss before time expires•
144.56	0.9192	District Run
145.62	0.0618	Hell's TrumpetCave District © 17:57 AM
145.62	0.0928	Afflicted
145.62	0.1160	FLOOR
145.62	0.1538	1/3
145.62	0.2732	13
145.62	0.4703	Hard
145.62	0.5438	Kurast Undercity
145.62	0.5911	IV
145.62	0.6856	Reward Upgrades (0/4) •
145.62	0.7440	Attunement: Ignite Beacons, Slay
145.62	0.7819	Monsters
145.62	0.8247	Time Bonus: Slay Afflicted Monsters
145.62	0.8668	Reach District Boss before time expires
145.62	0.9192	District Run
146.72	0.0620	Hell's TrumpetCave District © 17:57 AN
146.72	0.0928	Afflicted
146.72	0.1168	FLOOR
146.72	0.1546	1/3
146.72	0.2741	12
146.72	0.3265	Z
146.72	0.4703	Hard
146.72	0.5438	Kurast Undercity
146.72	0.5919	IV
146.72	0.6856	Reward Upgrades (0/4) •
146.72	0.7441	& Attunement: Ignite Beacons, Slay
146.72	0.7819	Monsters
146.72	0.8239	Time Bonus: Slay Afflicted Monsters
146.72	0.8651	Reach District Boss before time expires -
146.72	0.9192	District Run
147.83	0.0533	et
147.83	0.0640	Cave District © | 7:57 AN
147.83	0.0893	Pestilent
147.83	0.1168	FLOOR
147.83	0.1546	1/3
147.83	0.2732	11
147.83	0.4703	Hard
147.83	0.5438	Kurast Undercity
147.83	0.5911	IV
147.83	0.6856	Reward Upgrades (0/4) •
147.83	0.7440	Attunement: Ignite Beacons, Slay
147.83	0.7819	Monsters
147.83	0.8242	& Time Bonus: Slay Afflicted Monsters
147.83	0.8667	Reach District Boss before time expires •
147.83	0.9192	District Run
148.94	0.0640	Cave District © | 7:57 AN
148.94	0.1168	FLOOR
148.94	0.1426	Pes
148.94	0.1546	1/3
148.94	0.2741	10
148.94	0.4703	Hard
148.94	0.5438	Kurast Undercity
148.94	0.5911	IV
148.94	0.6856	Reward Upgrades (0/4) •
148.94	0.7426	& Attunement: Ignite Beacons, Slay
148.94	0.7819	Monsters
148.94	0.8246	Time Bonus: Slay Afflicted Monsters •
148.94	0.8667	Reach District Boss before time expires •
148.94	0.9192	District Run
150.06	0.0636	Cave District © | 7:57 AM
150.06	0.1164	FLOOR
150.06	0.1546	1/3
150.06	0.2715	9
150.06	0.4694	Hard
150.06	0.5438	Kurast Undercity
150.06	0.5911	IV
150.06	0.6856	Reward Upgrades (0/4) •
150.06	0.7409	& Attunement: Ignite Beacons, Slay
150.06	0.7819	Monsters
150.06	0.8247	Time Bonus: Slay Afflicted Monsters
150.06	0.8667	Reach District Boss before time expires •
150.06	0.9192	District Run
151.18	0.0644	Cave District • | 7:57 AM
151.18	0.1168	FLOOR
151.18	0.1546	1/3
151.18	0.4703	Hard
151.18	0.5438	Kurast Undercity
151.18	0.5911	IV
151.18	0.6856	Reward Upgrades (0/4) •
151.18	0.7448	Attunement: Ignite Beacons, Slay
151.18	0.7819	Monsters
151.18	0.8246	Time Bonus: Slay Afflicted Monsters •
151.18	0.8659	Reach District Boss before time expires •
151.18	0.9192	District Run
152.27	0.0631	Cave District © | 7:57 AM
152.27	0.1160	FLOOR
152.27	0.1546	1/3
152.27	0.3256	Z
152.27	0.4703	Hard
152.27	0.5438	Kurast Undercity
152.27	0.5911	III IV
152.27	0.6856	Reward Upgrades (0/4)
152.27	0.7410	& Attunement: Ignite Beacons, Slay
152.27	0.7819	Monsters
152.27	0.8256	Time Bonus: Slay Afflicted Monsters
152.27	0.8667	Reach District Boss before time expires •
152.27	0.9192	District Run
153.35	0.0640	Cave District © | 7:57 AN
153.35	0.1164	FLOOR
153.35	0.1546	1/3
153.35	0.2732	6
153.35	0.4699	Hard
153.35	0.5440	Kurast Undercity
153.35	0.5919	IV
153.35	0.6856	Reward Upgrades (0/4)
153.35	0.7434	& Attunement: Ignite Beacons, Slay
153.35	0.7819	Monsters
153.35	0.8256	Time Bonus: Slay Afflicted Monsters
153.35	0.8677	Reach District Boss before time expires
153.35	0.9192	District Run
154.47	0.0640	Cave District © | 7:57 AN
154.47	0.1164	FLOOR
154.47	0.1546	1/3
154.47	0.4699	Hard
154.47	0.5442	Kurast Undercity I
154.47	0.5919	HI IV
154.47	0.6856	Reward Upgrades (0/4)
154.47	0.7410	& Attunement: Ignite Beacons, Slay
154.47	0.7809	Monsters
154.47	0.8256	Time Bonus: Slay Afflicted Monsters
154.47	0.8667	Reach District Boss before time expires •
154.47	0.9192	District Run
155.58	0.0640	Cave District © | 7:57 AN
155.58	0.1160	FLOOR
155.58	0.1546	1/3
155.58	0.2732	3
155.58	0.4699	Hard
155.58	0.5440	Kurast Undercity
155.58	0.5919	HI IV
155.58	0.6856	Reward Upgrades (0/4)
155.58	0.7419	& Attunement: Ignite Beacons, Slay
155.58	0.7819	Monsters
155.58	0.8209	• Time Bonus: Slay Afflicted Monsters
155.58	0.8667	Reach District Boss before time expires •
155.58	0.9192	District Run
156.62	0.0631	Cave District © | 7:57 AM
156.62	0.1164	FLOOR
156.62	0.1546	1/3
156.62	0.2732	3
156.62	0.4699	Hard
156.62	0.5432	Kurast Undercity
156.62	0.5919	III IV
156.62	0.6856	Reward Upgrades (0/4)
156.62	0.7400	& Attunement: Ignite Beacons, Slay
156.62	0.7828	Monsters
156.62	0.8256	Time Bonus: Slay Afflicted Monsters
156.62	0.8676	Reach District Boss before time expires •
156.62	0.9192	District Run
157.72	0.0640	Cave District © | 7:57 AN
157.72	0.1164	FLOOR
157.72	0.1546	1/3
157.72	0.3239	Z
157.72	0.4699	Hard
157.72	0.5462	Kurast Undercity f
157.72	0.5919	III - IV
157.72	0.6856	Reward Upgrades (0/4) •
157.72	0.7410	& Attunement: Ignite Beacons, Slay
157.72	0.7819	Monsters
157.72	0.8256	Time Bonus: Slay Afflicted Monsters
157.72	0.8677	Reach District Boss before time expires •
157.72	0.9192	District Run
158.82	0.0631	Cave District © | 7:57 AM
158.82	0.1164	FLOOR
158.82	0.1546	1/3
158.82	0.2741	2
158.82	0.4699	Hard
158.82	0.5439	Kurast Undercity
158.82	0.5928	II IV
158.82	0.6856	Reward Upgrades (0/4)
158.82	0.7419	& Attunement: Ignite Beacons, Slay
158.82	0.7819	Monsters
158.82	0.8253	& Time Bonus: Slay Afflicted Monsters
158.82	0.8676	Reach District Boss before time expires •
158.82	0.9192	District Run
159.90	0.0631	Cave District © | 7:57 AM
159.90	0.1164	FLOOR
159.90	0.1546	1/3
159.90	0.2732	1
159.90	0.4703	Hard
159.90	0.5442	Kurast Undercity I
159.90	0.5919	HI IV
159.90	0.6856	Reward Upgrades (0/4)
159.90	0.7425	& Attunement: Ignite Beacons, Slay
159.90	0.7819	Monsters
159.90	0.8263	Time Bonus: Slay Afflicted Monsters
159.90	0.8677	Reach District Boss before time expires
159.90	0.9192	District Run
160.96	0.0631	Cave District © | 7:57 AM
160.96	0.1164	FLOOR
160.96	0.1546	1/3
160.96	0.2732	1
160.96	0.4703	Hard
160.96	0.5439	Kurast Undercity
160.96	0.5919	III IV
160.96	0.6856	Reward Upgrades (0/4)
160.96	0.7419	& Attunement: Ignite Beacons, Slay
160.96	0.7819	Monsters
160.96	0.8247	Time Bonus: Slay Afflicted Monsters
160.96	0.8667	Reach District Boss before time expires •
160.96	0.9192	District Run
162.03	0.0640	Cave District © | 7:57 AN
162.03	0.1160	FLOOR
162.03	0.1538	1/3
162.03	0.4703	Hard
162.03	0.5462	Kurast Undercity fa
162.03	0.5919	HI IV
162.03	0.6924	District Run
163.12	0.0640	Cave District © | 7:57 AN
163.12	0.1160	FLOOR
163.12	0.1546	1/3
163.12	0.4699	Hard
163.12	0.5455	Kurast Undercity fa
163.12	0.6001	District Run YY
164.19	0.0640	Cave District © | 7:57 AN
164.19	0.1164	FLOOR
164.19	0.1546	1/3
164.19	0.4703	Hard
164.19	0.5455	Kurast Undercity f
164.19	0.6003	District Run fa
170.82	0.0626	Temis © 7:57 AN
170.82	0.4703	Hard
178.30	0.0773	SHOP
178.30	0.0790	GAME
178.30	0.0825	RB
178.30	0.2053	Hard
178.30	0.2577	Visit # in major cities to change
